field,display_name,browse_link,external_link
title,Story,
author,Author,
date,Date Created,
genre,Genre,true
subgenre,Subgenre,true
ifRetelling_originalFairyTale,Retelling of,
form,Form,
audience,Audience
source,Source
criticism,Criticism,
cultural_appropriation,Cultural Appropriation,
comments,Comments,
rights,Rights,
rightsstatement,Rights Statement,,true
supportingLinks1,Link,,true
supportingLinks2,Link,,true
supportingLinks3,Link,,true
supportingLinks4,Link,,true
supportingLinks5,Link,,true
supportingLinks6,Link,,true
supportingLinks7,Link,,true
supportingLinks8,Link,,true
supportingLinks9,Link,,true
supportingLinks10,Link,,true
